Date,"Crude oil, average","Crude oil, Brent","Crude oil, Dubai","Crude oil, WTI","Coal, Australian","Coal, South African **","Natural gas, US","Natural gas, Europe","Liquefied natural gas, Japan",Natural gas index,Cocoa,"Coffee, Arabica","Coffee, Robusta","Tea, avg 3 auctions","Tea, Colombo","Tea, Kolkata","Tea, Mombasa",Coconut oil,Groundnuts,Fish meal,Groundnut oil **,Palm oil,Palm kernel oil,Soybeans,Soybean oil,Soybean meal,Rapeseed oil,Sunflower oil,Barley,Maize,Sorghum,"Rice, Thai 5% ","Rice, Thai 25% ","Rice, Thai A.1","Rice, Viet Namese 5%","Wheat, US SRW","Wheat, US HRW","Banana, Europe","Banana, US",Orange,Beef **,Chicken **,Lamb **,"Shrimps, Mexican","Sugar, EU","Sugar, US","Sugar, world","Tobacco, US import u.v.","Logs, Cameroon","Logs, Malaysian","Sawnwood, Cameroon","Sawnwood, Malaysian",Plywood,"Cotton, A Index","Rubber, TSR20 **","Rubber, RSS3",Phosphate rock,DAP,TSP,Urea ,Potassium chloride **,Aluminum,"Iron ore, cfr spot",Copper,Lead,Tin,Nickel,Zinc,Gold,Platinum,Silver,Total Index,Energy,Non-energy **,Agriculture,Beverages Food1,Beverages Food2,Oils & Meals,Grains,Other Food,Raw Materials,Timber,Other Raw Mat.,Fertilizers,Metals & Minerals,Base Metals,Precious Metals
2021M01,53.6,54.6,54.2,52.1,86.8,86.9,2.67,7.27,9,73,2.39,3.54,1.56,2.68,3.39,2.62,2.03,1463,1893,1496,1989,990,1368,576,1099,562,1141,1276,...,234.5,...,545,528,517.8,491,276.4,289.3,0.94,1.24,0.63,4.46,1.81,7.28,11.75,0.4,0.63,0.34,4157,426.1,287,653.8,743.6,526.4,1.92,1.59,2.3,85,421.3,337.6,265,255.5,2004,169.6,7972,2015,21920,17863,2705,1867,1091,25.9,80.4,69.9,101.8,102.2,82.6,115,123.2,120,99.9,81.1,91.1,70.3,86.2,102.8,99.7,145.1
2021M02,60.5,62,60.4,59.1,86.7,82.8,5.07,6.16,9.88,97.5,2.41,3.67,1.62,2.56,3.32,2.33,2.02,1445,1875,1479,1993,1020,1360,578,1124,548,1272,1363,...,245.2,...,557,542,531,500.5,276.6,289.4,0.95,1.22,0.58,4.66,1.81,7.45,11.93,0.4,0.66,0.36,4185,423.4,282.5,664,755.3,518.2,2.05,1.68,2.35,88.1,528.9,453.8,335,290.6,2079,163.8,8471,2080,26316,18584,2745,1808,1207,27.3,88.4,80.4,104.6,103.8,83.4,116.6,123.6,123.2,101.6,82.8,91.8,73,105.4,106.4,105,142.9
2021M03,63.8,65.2,64,62.4,94.9,90.7,2.56,6.13,7.9,65.6,2.46,3.68,1.63,2.43,3.27,2.02,2,1541,1623,1476,2006,1030,1479,586,1285,484,1322,1611,...,245.2,...,525,515,504.1,498.4,272.6,273.1,0.95,1.23,0.6,4.72,1.89,7.99,12.28,0.39,0.67,0.34,4202,416.6,273.8,664.2,755.5,502.3,2.02,1.74,2.37,96.3,534.1,458,352.9,320.9,2190,168.2,8988,1948,27061,16407,2792,1718,1181,25.6,88.9,80.8,105.5,102.9,83.4,115.3,122.5,119.4,102.1,82.8,91.1,73.6,111.3,110.2,109,135.6
2021M04,63,64.8,62.4,61.7,92.2,89.1,2.61,7.15,8.28,71.3,2.37,3.72,1.64,2.67,3.21,2.88,1.92,1660,1427,1487,2021,1078,1487,597,1386,464,1312,1573,...,268.2,...,495,484,477.4,488.2,281.4,281,0.96,1.23,0.59,5.17,2.26,8.37,12.49,0.39,0.69,0.36,4219,418.5,272.9,663.2,754.4,500.6,2,1.64,2.15,95,543.4,478,328.1,345.5,2319,179.8,9325,2012,28328,16521,2829,1760,1209,25.7,90.1,80.8,108.9,105.6,84.2,119.8,125,123.7,109.6,82,91,72.2,110.2,115.3,113.5,138.4
2021M05,66.4,68,66,65.2,107,99.3,2.89,8.91,8.92,83.5,2.41,4.11,1.76,2.71,3.08,3.14,1.92,1715,1450,1514,2072,1136,1531,647,1575,482,1531,1585,...,305.3,...,493,483,462.8,477.7,271,297.3,0.97,1.23,0.61,5.48,2.37,8.8,12.65,0.4,0.71,0.38,4168,425.2,272.7,674.6,767.3,500.3,2,1.69,2.29,102.5,574.6,527.5,331.6,378.1,2434,207.7,10162,2182,32246,17577,2966,1850,1214,27.5,96.1,86.3,116,111.2,88.9,127.6,133.6,133.7,114.4,82.8,92.1,72.6,116.7,125.8,121.9,145.8
2021M06,71.8,73.1,71,71.4,130,112.9,3.23,10.3,9.62,94.7,2.37,4.24,1.87,2.7,2.93,3.34,1.82,1671,1450,1502,2079,1004,1400,615,1518,467,1528,1297,...,292.6,...,466,455,438.6,474,263.5,285.6,0.95,1.23,0.64,5.68,2.38,8.86,13.4,0.39,0.73,0.38,4139,421.8,270.4,672.3,764.7,496,2.08,1.64,2.12,125,604.8,550,393.3,462.5,2447,214.4,9632,2191,32503,17980,2952,1835,1124,27,100.7,93.9,114.6,108.7,90,123.4,125.7,128,116.2,82.5,91.7,72.5,135.5,124.3,119,144.2
2021M07,73.3,74.4,73,72.5,152,122.3,3.8,12.51,10.36,112.7,2.33,4.5,2.08,2.65,2.99,3.2,1.76,1584,1457,1504,2092,1063,1274,600,1468,470,1410,1282,...,278.4,...,414,407,397,436.2,254.7,294.3,0.85,1.23,0.69,5.59,2.38,8.99,15.86,0.39,0.8,0.39,4078,413.8,270,661.5,752.4,495.2,2.15,1.63,1.87,125,613,555,441.5,633,2498,214.1,9451,2338,34020,18819,2948,1808,1086,25.7,103.8,98.3,115,108.2,92.6,122.3,126.1,122.7,116.8,82,90.5,72.8,153,124.5,119.3,141.2
2021M08,68.9,70,68.9,67.7,169.6,137.9,4.05,15.43,10.8,129.8,2.48,4.77,2.1,2.72,2.99,3,2.16,1494,1443,1504,2102,1142,1341,586,1434,470,1519,1356,...,256.6,...,403,392,381,384.5,276.2,324.5,0.89,1.23,0.72,5.61,2.38,9.05,15.76,0.38,0.76,0.43,3973,412,271,661.2,752.1,497.1,2.23,1.71,1.9,136.9,603.1,555,446.9,695,2603,162.2,9370,2414,35024,19141,2988,1785,1009,24,102.2,96.3,114.2,109.4,97.1,122.9,127.2,120.7,119.3,82.7,90.6,74,159.5,119,120.9,138
2021M09,72.8,74.6,72.2,71.6,185.7,146.1,5.11,22.84,11.44,178.4,2.56,4.97,2.31,2.73,2.98,2.98,2.22,1485,1476,1483,2109,1181,1427,558,1399,468,1629,1310,...,235.6,...,400,391,381.3,387.3,263.6,337.6,0.91,1.18,0.74,5.77,1.83,9.08,14.67,0.38,0.79,0.43,4089,412,270.2,658.2,748.7,495.7,2.29,1.63,1.79,147.5,643.8,573.8,418.8,736.3,2835,124.5,9325,2248,34887,19377,3036,1775,973,23.2,109,107.2,112.8,108.2,100.9,120.3,126.3,118.3,114.3,82.6,90.2,74.2,160.7,116.8,124.1,136.5
2021M10,82.1,83.7,81.2,81.3,224.5,199.7,5.48,31.05,12.38,222.5,2.57,5.31,2.32,2.78,3.05,2.88,2.42,1923,1539,1462,2134,1310,1818,552,1484,451,1795,1421,...,239.6,...,401,395,382.7,404.5,...,354.7,0.93,1.15,0.66,5.53,1.76,9.3,14.47,0.38,0.82,0.42,4242,406,263.2,656.2,746.4,482.7,2.59,1.73,1.87,147.5,672.9,618,695,782,2934,122.9,9829,2345,37723,19362,3360,1777,1017,23.4,121.3,123.4,117.2,110.2,104.3,121.9,131.4,121.2,110.2,84.9,89.5,79.9,205.5,121.4,130,136.9
2021M11,79.9,80.8,79.8,79.2,157.5,128,5.02,27.62,15.25,202.6,2.39,5.71,2.41,2.83,3.11,2.91,2.48,1961,1552,1440,2150,1341,2050,551,1443,443,1825,1416,...,248.7,...,400,394,378.6,411.4,334.5,379.5,0.9,1.14,0.66,5.69,1.55,9.37,14.49,0.37,0.82,0.43,4222,399.6,261.2,644.9,733.5,479,2.79,1.74,1.93,153.1,726.7,665,900.5,806.9,2636,96.2,9729,2330,39159,19933,3311,1822,1038,24.2,115.6,115,116.7,111.2,106.3,122.9,131.4,125.9,109.1,85.3,88.1,82.2,240,114,125.2,140.5
2021M12,72.9,74.3,72.8,71.5,169.7,142.5,3.73,38.03,15.32,236.5,2.38,5.91,2.48,2.82,3.19,2.67,2.62,1696,1475,1423,2154,1270,1861,554,1411,462,1743,1362,...,264.5,...,400,393,381,402.7,327.8,376.8,0.89,1.16,0.71,5.75,1.47,9.44,14.62,0.37,0.81,0.42,4182,395.6,261.2,637.9,725.6,479.2,2.65,1.72,1.92,176.7,745,686.7,890,807.5,2696,117,9551,2302,39423,20016,3399,1790,945,22.5,114.1,112.4,117.6,111.1,108.2,122.9,129.4,129.1,108.7,83.9,87.4,80,243.5,116.7,125.2,136.8
2022M01,83.9,85.5,83.1,83.1,197,168.5,4.33,28.26,14.69,196.9,2.47,5.98,2.43,2.86,3.51,2.4,2.68,2016,1480,1429,2490,1345,2196,606,1470,526,1865,1412,...,276.6,...,427,419,403.2,395.9,325.2,374.2,0.91,1.16,0.79,5.81,1.36,9.11,14.78,0.37,0.78,0.4,4185,396.2,259.1,649.7,739,475.2,2.91,1.78,1.97,173.1,699.4,674.4,846.4,785.6,3006,132.5,9782,2332,41792,22355,3599,1816,994,23.2,121.8,121.3,122.8,115.4,109.7,128.7,141.3,133.2,108.1,86.2,88.4,83.7,234.7,125.2,133.2,139.1
2022M02,93.5,95.8,93.1,91.7,219.8,196.4,4.66,27.23,17,197.5,2.55,6.17,2.41,2.79,3.61,2.07,2.73,2148,1496,1445,2473,1522,2443,662,1596,569,1744,1499,...,292.6,...,427,422,406,384.2,339.3,390.5,0.96,1.24,0.73,5.99,1.45,8.95,14.88,0.37,0.78,0.39,4220,397,258.5,648.8,738,474.1,3.05,1.79,2.11,172.5,747.1,680,744.2,791.9,3246,142.8,9943,2297,43983,24016,3620,1856,1049,23.5,131.4,133.3,127.6,120.8,111.8,136.6,154.9,138.6,110.6,87,88.3,85.6,220.7,131.2,138.9,142.2
2022M03,112.4,115.6,113.1,108.5,314,294.4,4.88,42.39,15.11,271.1,2.46,5.7,2.29,2.61,3.35,1.96,2.54,2230,1491,1515,2153,1777,2441,721,1957,601,2162,2361,...,335.5,...,422,419,407.1,391.7,446.7,486.3,0.97,1.39,0.77,6.07,1.76,9.13,14.96,0.36,0.8,0.42,4258,385.7,250.9,631.2,718,460.3,3.11,1.75,2.12,178.8,938.1,792.5,872.5,977.5,3498,152.1,10231,2345,43950,33924,3962,1948,1043,25.3,157.1,166.7,137.6,129.1,105,152,172.8,158.7,118.6,85.9,85.9,85.9,257.7,141.3,149.9,149.6
2022M04,103.4,105.8,102.7,101.8,310.9,302,6.53,32.2,16.29,243.4,2.46,5.85,2.29,3.24,4.09,3.11,2.53,2095,1444,1643,2145,1683,2064,721,1948,579,2266,2276,...,348.2,...,431,429,409.1,402.4,427.3,495.3,0.96,1.46,0.91,5.97,1.87,9,14.99,0.35,0.81,0.43,4263,378.8,235.7,620.5,705.8,432.3,3.42,1.7,2.09,249.5,954,856,925,1202,3244,151.3,10161,2380,42991,33133,4360,1937,965,24.5,148.4,153.2,138.7,130.4,110.1,152.9,167.8,164.6,122.7,86,83.5,88.7,293.7,138.1,146.1,148.1
2022M05,110.1,112.4,108.3,109.6,371.9,280,8.14,29.17,16.68,248.8,2.37,5.74,2.27,2.99,3.71,2.87,2.38,1813,1483,1634,2146,1717,1811,724,1963,530,2218,2079,...,344.8,...,464,458,442.9,406.5,438.4,522.3,0.96,1.46,0.92,5.94,1.9,8.71,15.13,0.35,0.8,0.43,4277,370.3,231.1,596.8,678.8,424,3.61,1.62,2.06,255,842.5,827.5,707.5,1170,2830,131.2,9377,2142,35769,28063,3751,1849,958,21.9,153.2,163.6,132.1,129.8,106.4,153.1,165.2,169,122.6,85,80.7,89.6,259.9,122.5,130,139.9
2022M06,116.8,120.1,115.7,114.6,374.1,291.4,7.67,33.56,15.53,263.2,2.32,6.03,2.29,2.96,3.51,3.27,2.11,1701,1607,1608,2146,1501,1555,737,1752,528,2001,1885,...,335.7,...,444,441,427.6,411.9,379.9,459.6,0.95,1.44,0.94,5.81,1.85,8.46,14.86,0.35,0.79,0.42,4206,370.1,222.3,590.7,671.8,407.7,3.4,1.64,2.03,287.5,783.8,730.1,690,1101.9,2563,130.7,9024,2066,31559,25659,3630,1837,957,21.6,158,173.5,126.5,124.8,108.3,145.4,155.8,157.9,120.5,83.1,79.4,87.1,253,115.7,121.8,138.9
2022M07,105.1,108.9,106.5,99.9,402.2,269.1,7.26,51.33,18.88,344.9,2.24,5.64,2.21,3.31,4.01,3.55,2.37,1541,1621,1581,2146,1057,1301,678,1533,536,1737,1557,...,323,...,418,412,405.7,411.1,316.7,382.5,0.89,1.53,0.84,5.73,1.72,8.46,14.04,0.33,0.77,0.4,4268,356.5,217.8,574.6,653.6,399.4,2.89,1.56,1.78,320,784,736,601,1013,2408,108.6,7545,1985,25396,21482,3105,1733,869,19.1,153.1,171.8,115.2,115.6,105.7,132.7,135.3,144.8,118.2,79,77.3,80.9,240.4,100.2,106.1,129.8
2022M08,96,98.6,97.8,91.6,407,274.6,8.79,70.04,21.21,454,2.32,5.92,2.42,3.37,4.21,3.54,2.36,1385,1625,1623,2146,1026,1173,671,1599,535,1639,1496,...,289.8,...,431,421,412.6,395.8,...,382.9,0.88,1.67,0.93,5.57,1.84,8.53,12.63,0.33,0.78,0.39,4357,354.5,220.2,574.5,653.4,403.9,2.74,1.46,1.61,320,749.4,703.8,591.3,888.8,2431,108.9,7982,2073,24647,22057,3588,1765,909,19.7,153.9,172.8,115.7,115.2,110.5,131.5,134.4,138.4,121.4,78,77.5,78.6,229.6,103.8,110.6,132.5
2022M09,88.2,90.2,90.6,83.9,430.8,235,7.76,59.1,23.73,391.3,2.3,5.9,2.46,3.33,4.49,3.15,2.36,1248,1642,1623,2146,909,1249,664,1548,537,1402,1305,...,312.7,...,439,428,423.4,392.2,...,419.1,0.9,1.62,0.93,5.44,1.75,8.49,11.51,0.32,0.77,0.39,4147,346.9,208.2,543,617.6,381.9,2.59,1.32,1.48,320,752,708,678,731,2225,99.8,7746,1870,21124,22774,3125,1681,881,18.9,143.3,158.2,113,113.8,110.1,131.2,129.3,148.1,118.6,73.5,73.3,73.7,232.7,97.8,104.6,126.4
2022M10,90.3,93.1,90.6,87.3,389.8,191.2,5.62,39.02,21.84,268.5,2.31,5.29,2.27,3.15,4.15,2.83,2.46,1108,1619,1622,2146,889,1039,626,1576,542,1408,1359,...,343.6,...,431,420,411.6,409.1,...,438,0.95,1.57,1.07,5.33,1.63,7.7,11.46,0.32,0.76,0.39,4325,344,202.1,540.6,614.9,370.8,2.2,1.29,1.5,317.5,725,675,636.3,622.5,2256,92.6,7651,2000,19391,22033,2967,1664,915,19.4,134.7,146.2,111.4,113,103,132.2,126.8,156.6,117,71.4,72.5,70.1,217.9,96.1,103.7,125.8
2022M11,87.4,91.1,86.3,84.8,342.2,169.1,5.28,35.72,19.59,247.2,2.41,4.72,2.04,3.05,3.8,2.85,2.49,1173,1639,1677,2146,946,1062,649,1652,519,1378,1347,...,320.9,...,440,430,417.5,421.2,...,422.7,0.97,1.65,1.09,5.07,1.54,6.54,11.46,0.33,0.79,0.41,4333,356.9,209.2,562.4,639.7,383.8,2.23,1.27,1.43,300,665.6,625,588.8,563.1,2351,93.3,8050,2100,21250,25563,2939,1725,989,21,130.4,139.4,111.9,112.4,97.5,131.7,129.6,150.5,117.5,72.9,75.4,70.2,201.9,100.9,109.5,131.3
2022M12,78.1,80.9,76.8,76.5,379.2,215,5.5,36.04,20.58,252.1,2.51,4.63,2.05,2.95,4.04,2.42,2.39,1158,1670,1746,2146,940,1067,646,1409,571,1260,1234,...,302.2,...,467,457,446.4,432.4,...,386.3,1.01,1.68,1.1,4.71,1.55,6.1,11.46,0.35,0.81,0.42,4399,370.5,220.7,583.4,663.6,404.9,2.22,1.35,1.54,300,625,584.4,519.4,513.8,2402,111.8,8375,2216,24172,28947,3129,1798,1011,23.3,125,130.9,113,111.6,97.4,129.5,129.5,143.9,116.6,75.2,78.5,71.7,186.6,107.6,114.8,138.1
2023M01,80.4,83.1,80,78.1,318,172,3.27,20.18,20.19,149.4,2.62,4.56,2.12,2.77,4.04,1.94,2.33,1079,1681,1780,1971,942,1060,627,1352,605,1224,1218,...,302.8,...,517,507,484.6,440.7,...,380.4,1.07,1.68,1.09,4.65,1.54,6.11,11.46,0.35,0.8,0.42,4476,377.1,228.2,585.2,665.7,418.6,2.21,1.41,1.63,300,631,569.4,443.8,508.8,2502,122.2,9038,2201,28154,28195,3310,1898,1053,23.7,117.9,119.3,115,112.2,97.5,130,129.4,146.5,116,76.3,79.3,73,174.7,114,121,144.9
2023M02,80.3,82.7,81.2,76.8,207.5,144.7,2.38,16.54,18.42,120,2.65,5.06,2.29,2.7,3.96,1.86,2.29,1087,1750,1762,2043,950,1037,651,1243,605,1189,1159,...,298.2,...,492,482,469,448.3,311.9,394.8,1.1,1.66,1.3,4.65,1.53,6.62,11.06,0.35,0.81,0.45,4492,375.1,224,579.5,659.2,410.9,2.19,1.4,1.62,322.5,612.5,547.5,357.5,496.9,2416,127.6,8937,2093,26863,26728,3134,1855,959,21.9,111.9,110.5,114.7,113.3,102.6,131,129.8,145.5,119.5,75.7,78.3,72.7,164,112,117.8,140.3
2023M03,76.5,78.5,77.5,73.4,187.2,136.8,2.3,13.81,16.03,104.5,2.75,4.9,2.35,2.69,3.82,1.85,2.4,1115,1750,1720,2100,972,1052,628,1113,581,1054,1075,...,282.5,...,476,468,460.9,444.6,284.7,369.9,1.11,1.6,1.29,4.84,1.52,6.99,11,0.35,0.84,0.45,4526,374.7,222.6,581.5,661.4,408.3,2.1,1.36,1.58,345,606,537.5,313.5,453,2296,128.4,8856,2115,24000,23289,2967,1913,971,22,106.2,103.5,111.9,111,102.6,127.6,126.1,138.3,119.8,75.1,78.4,71.4,158,108.4,113.1,144.1
2023M04,82.5,84.1,83.8,79.4,194.3,133.7,2.16,13.52,14.37,100.3,2.88,5.06,2.55,2.96,3.9,2.63,2.35,1074,1738,1755,2088,1005,1017,615,1030,547,1026,1035,...,291.1,...,501,490,482.9,455.1,277.2,378.2,1.14,1.65,1.46,5.3,1.57,7.22,10.91,0.36,0.91,0.53,4587,383.8,223.1,596.4,678.4,409.2,2.1,1.36,1.54,345,637,550,313.4,407.5,2343,117.4,8809,2149,25794,23895,2768,2000,1051,25,110.7,109.3,113.5,114.1,108.3,130.9,123,142.6,130.9,76.1,80,71.8,156,107.4,113.6,152.7
2023M05,74.1,75.7,75.1,71.6,160.5,103,2.15,10.11,13.43,83.2,2.96,4.85,2.7,2.71,3.43,2.47,2.23,1048,1773,1787,2017,934,993,595,988,519,967,962,...,268.1,...,510,495,492.7,470.5,260.5,367.7,1.11,1.61,1.41,5.31,1.54,7.06,10.91,0.36,0.94,0.56,4787,380.5,217.2,598.2,680.4,398.4,2.07,1.35,1.56,345,510,485.6,329.3,372.5,2269,105.2,8217,2084,25534,21970,2476,1992,1063,24.3,101.1,96.9,109.5,111.5,106.9,126.9,117,136.9,130.8,76.4,79.7,72.7,152.5,100.5,107.1,151.5
2023M06,73.3,74.9,74.7,70.2,139.4,98.6,2.18,10.35,12.68,84.3,3.17,4.57,2.91,2.69,3.23,2.76,2.09,1013,1850,1810,1971,817,928,592,1007,492,991,911,...,266.9,...,514,496,495.8,508.2,257,345.5,1.1,1.59,1.4,5.01,1.47,6.27,10.36,0.35,0.91,0.54,5065,379.4,210.7,604.9,688,386.5,2.04,1.32,1.53,344.5,454.6,390,287.5,328,2185,113.5,8397,2123,27217,21233,2375,1943,971,23.4,99.3,95.2,107.7,109.1,108.1,122.6,111.3,134.4,126.7,77,79.9,73.7,138.3,101.2,106.7,147.4
2023M07,79,80.1,80.5,76.4,140.6,96.8,2.55,9.55,12.99,85.2,3.39,4.27,2.81,2.47,2.48,2.86,2.06,1047,1960,1879,2159,879,998,634,1136,517,1108,1039,...,242.4,...,547,524,533.5,502.8,249.9,345.5,1.12,1.55,1.51,4.78,1.37,5.43,9.8,0.36,0.85,0.52,5098,387.1,211,617.3,702.1,387.1,2.05,1.3,1.49,342.5,458.8,392.3,334.6,341.3,2160,114.4,8477,2109,28743,21091,2405,1951,950,24.3,103.4,100.9,108.6,109.9,106.1,123.9,119.4,131,123.5,77.7,81.2,73.9,145.6,101.6,107,148.6
2023M08,84.7,86.2,86.6,81.4,152.6,97.6,2.58,11.19,12.54,93.1,3.46,4.12,2.75,2.83,3.58,2.68,2.25,1099,2000,1883,2174,861,998,584,1127,515,1067,989,...,207.6,...,635,600,626,541.2,230.8,315.8,1.07,1.56,1.66,4.73,1.42,5.67,9.05,0.36,0.89,0.53,5296,381.9,205.6,608.7,692.4,377.1,2.11,1.29,1.47,346.3,528.8,450.6,385.6,353.1,2137,110.2,8349,2154,26075,20439,2407,1919,925,23.4,108.4,108.7,107.6,108.7,107.6,121.7,116,125.3,125.8,77.9,79.9,75.7,157.6,99.6,105.2,145.8
2023M09,92.2,94,93.1,89.6,162.5,99.9,2.64,11.55,12.21,95.2,3.61,4.05,2.73,2.85,3.64,2.65,2.25,1072,2050,1852,2106,830,958,619,1112,509,1047,895,...,223.8,...,620,587,609.9,594.4,230.6,314.7,1.04,1.56,1.77,4.9,1.54,5.98,8.71,0.35,0.94,0.58,5437,374,201.5,594.2,675.9,369.7,2.16,1.42,1.55,347.5,527.9,461.5,380,352,2185,121,8277,2252,25574,19645,2496,1916,921,23.1,115,117.7,109.4,110.8,108.7,124.5,116.2,127.8,132.4,78.5,78.1,78.9,157.5,101.2,105.4,145.3
2023M10,89.1,91.1,90.6,85.6,142.1,128.4,2.99,14.57,12.62,114.1,3.63,4.05,2.62,2.76,3.49,2.62,2.16,1046,2050,1833,1954,804,912,530,1134,512,1060,910,...,230.7,...,590,563,574.7,616.2,236.6,298.1,1.05,1.57,2.03,4.98,1.58,5.56,8.6,0.34,0.98,0.57,5488,369.7,199,582.8,662.9,365,2.11,1.45,1.61,347.5,534.8,468.1,411.4,341.9,2192,119,7937,2134,24536,18281,2449,1916,892,22.4,113.1,115.7,107.8,109.3,107.8,122.6,110.5,125.5,135.8,77.8,76.7,79,161.8,98.5,102.4,144.6
2023M11,81.4,83.2,83.5,77.4,126.8,109,2.71,14.49,12.72,110.4,4.03,4.35,2.7,2.74,3.43,2.62,2.18,1115,2050,1870,1892,830,968,553,1118,572,1039,944,...,211.3,...,598,573,574.6,629.4,241,283.6,1.08,1.55,2.06,4.88,1.67,5.25,…,0.35,0.99,0.57,5475,378.1,198.7,594.8,676.6,364.5,1.99,1.48,1.67,…,535.6,462.6,385.5,331.9,2202,131.1,8190,2188,24168,17027,2544,1984,906,23.5,107.3,106.2,109.6,111,115.4,123.7,116.4,120.1,136.5,78.1,77.9,78.2,157.2,101.2,103.8,149.9
2023M12,75.7,77.9,77.2,72.1,141.8,108.8,2.53,11.51,14.44,95.2,4.21,4.65,2.99,2.71,3.67,2.28,2.19,1109,2050,1847,1940,814,966,547,1062,524,1010,944,...,206.5,...,644,610,629.6,632.9,255,291.1,1.08,1.57,1.9,4.79,1.63,5.31,…,0.36,0.88,0.48,5462,382,206.7,606.6,690,379.2,2,1.46,1.66,152.5,563.8,447.5,354,311.9,2182,137.1,8400,2027,24600,16461,2502,2026,935,23.9,102.3,99.6,107.8,109.7,121.5,120,111.8,122.7,128.4,78.8,79.8,77.8,119.4,102.4,104.3,153
2024M01,77.7,80.2,78.9,73.9,124.9,106.8,3.18,9.56,14.34,93.8,4.4,4.47,3.26,2.66,4.01,1.76,2.2,1131,2056,1787,1896,845,978,547,971,494,972,943,...,198.6,...,660,620,648.9,625.5,247.9,283.9,1.09,1.61,1.67,5,1.57,5.29,…,0.36,0.88,0.48,5534,381.7,203.7,608.6,692.3,373.6,2.03,1.53,1.8,152.5,596.3,450.6,335.4,296.3,2193,135.8,8339,2086,25100,16104,2515,2034,926,22.9,103.2,101.2,107.2,109.2,123.5,118.4,109.6,121,127.5,79.7,79.8,79.7,115.9,102,104.1,152.6
2024M02,80.5,83.8,81.2,76.7,124.2,105.2,1.72,8.15,13.64,68.9,5.56,4.6,3.38,2.71,4.27,1.62,2.23,1172,2025,1731,1809,857,1034,520,912,457,963,925,...,189.1,...,624,594,619.9,614.3,246.2,278.5,1.07,1.57,1.95,5.38,1.52,5.2,…,0.35,0.92,0.5,5535,377.7,199.1,605.2,688.4,365.3,2.2,1.56,2.02,152.5,583.8,454.4,351.3,289.4,2179,124.4,8305,2080,26104,16338,2360,2023,894,22.7,104,102.2,107.5,110.5,139.1,116.9,105.2,116,133.1,80.4,79,81.9,118,100.1,103.6,151.6
2024M03,83.5,85.4,84.7,80.5,131.5,104.8,1.5,8.55,13.19,67.8,7.09,4.61,3.66,2.69,4.33,1.57,2.15,1288,1950,1725,1822,943,1177,487,965,441,1029,951,...,190.6,...,613,584,607.7,585.4,228.5,274.8,1.08,1.64,1.92,5.73,1.53,5.19,…,0.35,0.88,0.48,5608,380.4,198.8,609,692.7,364.6,2.2,1.65,2.39,152.5,617.5,449,330,300.5,2226,109.8,8689,2056,27450,17439,2461,2158,909,24.5,106.1,104.2,109.9,113.7,158.7,117.6,106.2,115.2,134.8,81.4,79.4,83.6,115.3,101.5,107.6,162
2024M04,88,90.1,89.4,84.6,135,104.9,1.6,9.09,11.88,70.6,9.74,5.27,4.23,3.03,4.12,2.66,2.31,1425,1850,1702,1820,936,1290,477,959,429,1059,971,...,191.7,...,592,564,578,571.5,227.8,272.3,1.07,1.63,1.95,6.05,1.44,5.18,…,0.35,0.87,0.45,5674,375.6,193.7,600.2,682.7,355.3,1.99,1.63,2.28,152.5,545,442.5,320,305,2506,112.8,9464,2129,31775,18164,2733,2331,940,27.5,111.6,109.6,115.6,118.1,200.8,116.6,104.9,113.8,134.7,79.7,78.1,81.5,113.8,110.5,118.3,175.8
2024M05,81.4,82,83.5,78.8,142,105.6,2.13,10.12,12.16,82.2,7.54,5.08,4.04,3.2,4.28,3.13,2.17,1402,1800,1719,1838,859,1196,490,988,479,1104,1006,...,197.8,...,628,593,606.5,568,253.2,289.4,1.08,1.42,2.24,5.88,1.51,5.17,…,0.35,0.83,0.42,5630,378.2,190.9,605.2,688.4,350.1,1.91,1.69,2.15,152.5,522,434.9,284.8,307,2565,118.9,10139,2221,32978,19587,2959,2351,1015,29.4,106.9,102.6,115.6,115.5,173.2,118.1,106.8,119.3,132,79.7,78.4,81.2,108.5,116.6,124.8,179
2024M06,81.2,82.6,82.2,78.9,135.1,105.3,2.51,10.87,12.13,90.4,8.27,5.48,4.5,3.22,4.16,3.36,2.14,1398,1813,1730,1810,874,1156,480,1011,481,1099,1043,...,192.5,...,632,595,613.3,561.6,230.6,265.6,1.06,1.09,2.26,5.85,1.4,5.02,…,0.35,0.83,0.43,5755,376.6,188.7,609.1,692.8,346,1.83,1.75,2.26,152.5,543,473.8,336.3,310,2498,107.5,9648,2147,32033,17498,2809,2326,985,29.6,107.2,103.8,114.2,115.7,187.9,115.1,107,115.6,125.3,80.3,78.6,82.1,118.2,110.6,119.2,177.6
2024M07,83.3,85.3,83.9,80.5,137.6,105.3,2.08,10.35,12.49,82.8,7.09,5.67,4.73,3.3,4.1,3.59,2.2,1474,1840,1739,1851,896,1365,470,1079,472,1118,1069,...,177.4,...,590,557,570.9,552.4,218.8,260.3,1.08,1.03,2.3,6.19,1.33,5.11,…,0.35,0.83,0.43,6016,379.6,188.6,616.1,700.8,345.9,1.79,1.65,2.06,152.5,539.4,505.8,342.5,300.6,2349,106.9,9385,2107,31860,16335,2777,2398,979,29.8,107.9,106,111.7,113.6,177.3,113.9,107.8,109.1,126.2,80.6,79.3,81.9,120.3,106.8,114.6,182.3
2024M08,78.1,80.9,78,75.6,145.8,106.2,1.99,12.37,13.32,92,6.88,5.76,4.73,3.22,4.02,3.46,2.2,1619,1688,1733,1758,933,1480,400,1031,436,1080,1049,...,170.3,...,589,560,566.7,535.3,205.8,250.9,1.07,1.01,2.41,6.34,1.38,5.24,…,0.36,0.79,0.41,5999,385.4,203.5,619.6,704.8,373.3,1.76,1.74,2.39,152.5,546,507.2,342.5,294,2344,99.9,8972,1995,31492,16292,2714,2470,945,28.5,104.9,102.6,109.6,112,175.2,111.2,102.3,106.3,127.4,81.8,80.9,82.7,120,103.5,111.6,185.6
2024M09,72.4,74.3,73.4,69.6,139.2,106.1,2.25,11.78,12.97,92.1,6.52,6.12,5.33,3.27,4.09,3.61,2.1,1736,1525,1685,1771,983,1515,391,1044,436,1083,1068,...,185,...,580,556,564.3,540.5,219.2,269.7,1.07,1.03,2.55,6.3,1.45,5.49,…,0.36,0.8,0.45,6079,388.7,207.9,633.2,720.2,381.3,1.82,1.91,2.65,152.5,554.8,504.4,337.5,286.9,2450,92.8,9237,2000,31472,16077,2837,2571,967,30.1,100.9,95.4,112.2,115.1,177.6,114.7,104,111.1,132.2,84.3,82.7,86.2,118.7,105.4,115.1,193.6
2024M10,74,75.7,74.7,71.6,146.6,106.8,2.21,12.92,12.54,96.7,6.66,6.1,4.89,3.15,4.06,3.31,2.07,1728,1575,1639,1750,1077,1636,442,1095,422,1142,1206,...,190.3,...,515,499,504.8,529.8,233.3,272.9,1.05,1.03,2.6,6.06,1.48,5.6,…,0.36,0.84,0.46,6166,381.7,199,625.7,711.7,365,1.84,2.01,2.63,152.5,573.4,503.8,374.8,278.1,2596,101.4,9534,2034,32012,16766,3106,2690,999,32.4,103.2,97.7,114.6,116,175.8,116.3,109.5,108.6,132.3,84.6,81.2,88.4,123.5,110.6,120.2,203.4
2024M11,72.3,74.4,72.8,69.7,142.1,106.8,2.1,13.93,12.82,100.4,7.89,6.72,4.98,3.09,3.96,3.07,2.24,1879,1700,1601,1734,1169,2015,436,1145,385,1243,1267,...,201.3,...,511,487,489.6,509.7,229,253.8,1.04,0.91,2.57,6.18,1.52,5.83,…,0.35,0.84,0.45,6339,372,193.8,610.6,694.5,355.5,1.8,1.93,2.29,152.5,574.5,491,352.3,281,2582,100.5,9076,1988,29655,15723,3004,2651,966,31.1,102.5,96.5,114.7,118.1,195.7,116.2,110.7,108.6,130.2,83.4,79.2,88,119.7,107.2,116.1,199.6
2024M12,72.3,73.8,73.3,69.8,129.8,105.5,3.02,13.86,12.64,111.1,10.32,7.57,5.22,2.96,4.11,2.56,2.19,1973,1700,1598,1688,1190,2099,409,1064,376,1181,1223,...,202.6,...,527,500,501.9,495.7,230.3,252.2,1.04,0.83,2.7,6.23,1.42,5.84,…,0.34,0.81,0.44,6458,366.5,193.3,605.9,689.2,354.6,1.76,1.99,2.38,152.5,568.3,477.5,352,292.5,2541,102.2,8916,1990,28865,15445,3034,2648,938,30.8,103.2,96.5,117,122.2,231.8,115.1,108.5,109.6,128.6,83.7,78.7,89.3,119.6,105.9,114.3,199
2025M01,78.2,79.2,80.1,75.1,118.6,103.3,4.1,14.66,13.19,128.4,10.75,7.81,5.41,2.78,4.08,2,2.24,1978,1688,1581,1661,1070,1962,411,1048,368,1149,1207,...,214.4,...,478,459,464.2,447.3,230.6,254.1,1.02,1.11,2.57,6.46,1.54,5.83,…,0.34,0.8,0.4,6519,362.4,190.2,591.8,673.2,348.9,1.72,1.93,2.37,152.5,582.7,478,380.5,302,2573,99.6,8991,1921,29612,15394,2819,2710,949,30.4,108.1,103.5,117.2,122.3,238.8,114.4,103.9,109.4,132.7,82.4,76.9,88.4,124.3,106,114.8,202.6
2025M02,73.8,75.2,75,71.3,106.9,100.4,4.22,15.34,12.78,132.9,9.86,9.05,5.81,2.69,4,1.8,2.25,1990,1650,1592,1664,1067,1947,412,1069,358,1159,1220,...,220.9,...,437,424,419.1,401.7,243.5,264.6,1.03,1.25,1.91,6.62,1.63,5.65,…,0.34,0.82,0.42,6736,364.5,196.1,600.6,683.1,359.7,1.72,2.01,2.41,152.5,603.8,480.6,436.5,318.8,2658,105.1,9331,1957,31833,15288,2800,2895,978,32.2,105.7,99.2,118.9,122.7,240.4,113.8,103.5,109.5,131.3,84.3,78.3,90.8,133.5,109.6,118.4,216.1
2025M03,70.7,72.6,71.7,67.8,104,98,4.13,13.24,12.55,121.5,8.08,8.92,5.69,2.69,4.07,1.77,2.22,2356,1550,1645,1676,1068,2064,401,1011,369,1193,1233,...,207.4,...,425,410,404.1,378.4,227.5,255.4,1.08,1.18,1.44,6.77,1.63,5.61,…,0.35,0.82,0.42,6813,378.3,199.7,618.6,703.6,366.2,1.71,1.98,2.36,152.5,615.1,478.5,394.5,336.3,2658,100.1,9740,2033,34048,16066,2889,2983,980,33.2,102.2,95.1,116.6,118.2,217.7,110.9,103.9,104.7,125.5,85.5,80.5,90.9,128.4,111.8,121.9,222.7
2025M04,65.9,67.7,66.9,63.1,98.6,95.6,3.4,11.59,12.68,105,8.15,8.64,5.43,2.91,3.96,2.65,2.11,2483,1375,1681,1679,994,2090,408,1120,369,1256,1225,...,215,...,415,401,396.9,377.8,219.6,249.6,1.12,1.1,1.41,6.71,1.74,5.89,…,0.37,0.83,0.4,6871,393.1,206.6,630.2,716.8,379,1.73,1.71,2.13,152.5,635,496,386.9,351.9,2372,97.2,9177,1903,32565,15113,2622,3218,959,32.2,96.4,87.9,113.6,117.5,216,110.3,103.7,105.1,123.7,84.8,82.2,87.7,129.2,104,112.6,236.6
2025M05,62.7,64.2,63,61,104.4,94.3,3.12,11.66,12.32,101.6,8.99,8.77,5.24,3.02,3.89,3.25,1.91,2767,1313,1664,1687,908,2003,414,1163,358,1241,1208,...,203.9,...,431,416,405.5,379.3,221.3,237,1.14,1.09,1.38,6.62,1.78,6.08,…,0.37,0.81,0.39,6924,394.9,205.7,640.4,728.4,377.3,1.72,1.7,2.19,152.5,669.2,541.5,392,362.5,2449,97,9533,1958,31981,15346,2644,3309,980,32.8,94.2,84,114.9,117.8,226.6,108.3,101.9,102.2,122.3,85.5,83.2,87.9,133.2,106.8,116.2,243
2025M06,69.1,71.5,68.5,67.5,109,93.8,3.02,12.37,12.17,103.7,8.4,8.01,4.33,2.99,3.74,3.22,2,2699,1300,1688,1697,935,1860,416,1178,353,1252,1196,...,196.1,...,419,408,393.4,377.2,217.3,240.1,1.16,0.92,1.36,6.67,1.78,6.4,…,0.38,0.78,0.37,6987,403.1,206,649.4,738.6,377.8,1.73,1.61,2.16,152.5,715.4,641.3,420.5,363.1,2526,92.3,9835,1974,32544,15003,2655,3353,1251,36,99.3,92.2,113.6,114.4,207.9,106.7,102.6,100.1,118.3,85.6,84.2,87.1,143,108.7,119.2,249.3
2025M07,69.2,71,69.2,67.4,112.9,93.6,3.19,11.62,11.91,102.1,7.37,7.18,3.69,3.02,3.8,3.22,2.05,2841,1250,1722,1727,976,2097,410,1307,335,1202,1214,...,192,...,392,382,376.1,370.6,210.6,235,1.15,1.01,1.52,6.72,1.78,6.33,…,0.38,0.8,0.37,7025,408.9,202.7,647.3,736.2,371.7,1.74,1.68,2.23,152.5,736,655,496,362.5,2606,97.3,9771,1993,33610,15034,2763,3340,1391,37.7,98.8,91.7,113.2,112.3,185.5,107.8,104.5,96.9,122,86,83.7,88.5,154.5,110.3,120.4,250.4
2025M08,66.7,68.2,67.9,64.1,112.2,93.3,2.91,11.15,11.79,96.3,7.6,8.08,4.39,3.04,3.98,3,2.14,2742,1250,1743,1665,1026,2264,407,1245,354,1213,1274,...,185.5,...,375,363,357.9,378.8,200.3,231.1,1.12,1.02,1.28,6.86,1.67,6.24,…,0.38,0.81,0.37,7054,407.2,201.6,644.1,732.6,369.7,1.73,1.71,2.15,152.5,795.1,662.9,507.7,356.5,2597,99.7,9670,1947,33834,14949,2789,3368,1343,38.2,96.6,88.1,113.9,113.5,199.8,106.8,106,94,119.4,86,83.3,89,156.3,110,119.7,252.5
2025M09,66.5,68,67.8,63.7,106.3,92.3,2.97,11.12,11.47,96.7,7.03,8.83,4.66,2.94,4.01,2.72,2.08,2597,1235,1769,1610,1037,2414,404,1159,358,1268,1312,...,197.4,...,374,367,355.2,371.5,207,233.8,1.15,1.02,1.29,6.9,1.74,6.24,…,0.38,0.79,0.35,6949,410.7,201.3,647.1,736,369.2,1.72,1.74,2.11,152.5,780.6,664.4,461.1,352.5,2653,103.3,9984,1955,34484,15106,2933,3668,1435,42.8,96.6,87.6,114.9,113.8,200.2,107.2,104.8,96.8,119.7,85.9,83.6,88.5,149.5,113.1,123,276.1
2025M10,63,64.7,64.3,60.2,107.5,91.6,3.2,10.89,11.1,98.1,5.95,8.9,4.74,3.01,3.94,2.86,2.23,2547,1200,1769,1628,1038,2273,404,1132,356,1264,1363,...,198.1,...,356,351,335.9,365.6,209.3,230.8,1.13,1.13,1.05,7.09,1.72,6.33,…,0.38,0.77,0.34,6930,407.3,196.6,639.8,727.7,360.7,1.68,1.71,2,152.5,754,658.5,394.4,352,2793,103.5,10740,1968,36012,15092,3152,4058,1616,49.4,94.4,84.3,115,111.6,189,106.3,104.3,95.5,118.8,84.9,82.5,87.6,139.6,119.3,130.6,307.5
2025M11,62.3,63.6,63.8,59.6,112.6,91.6,3.79,10.42,11.15,103.1,5.61,9.05,4.74,2.99,3.96,2.7,2.27,2440,1200,1794,1678,983,2153,446,1128,411,1259,1360,...,202,...,368,362,338.5,359.8,225.2,245.9,1.11,1.16,0.86,7.51,1.77,6.45,…,0.38,0.74,0.32,6839,404.4,191.8,628.9,715.3,351.8,1.66,1.71,2.03,152.5,708.3,636.3,409.3,353.8,2819,102.5,10812,1998,36963,14671,3177,4087,1565,50.4,94.5,84,115.8,112.5,186.1,109,108.2,98.8,119.2,83.7,80.9,86.7,140.5,119.9,131.4,310.2
2025M12,60.9,62.7,62,57.9,107.7,90.9,4.25,9.48,11.32,104.4,5.78,8.4,4.2,2.88,3.95,2.42,2.26,2323,1200,1825,1621,980,1993,440,1116,399,1258,1352,...,205.7,...,424,414,389.4,351.9,223.2,242.8,1.1,1.16,0.92,7.38,1.78,6.37,…,0.38,0.73,0.32,6924,410,190.9,641.5,729.6,350.2,1.63,1.74,2.06,152.5,627.5,538.5,392.5,358.3,2876,104.6,11785,1940,41220,14884,3168,4309,1893,62.3,94.3,82.9,117.4,112.1,179,109.4,106.4,102.7,119.6,84.7,82.2,87.5,132.9,126.3,139,336.1
2026M01,63.7,66.8,63.9,60.3,109.8,90.6,7.58,11.76,11.49,155.8,4.97,8.02,4.24,2.73,3.79,2.12,2.26,2197,1206,1820,1723,1005,2125,425,1154,386,1223,1441,...,204.5,...,408,402,382.9,351.2,217.7,249.9,1.12,1.2,1.11,7.97,1.75,6.57,…,0.38,0.74,0.32,6955,410.8,190,647.9,736.9,348.5,1.64,1.84,2.14,152.5,619.2,529.2,415.4,366,3142,105.5,13012,1995,49538,17769,3213,4753,2434,92.1,102.1,92.8,120.8,111.6,165.7,111,105.8,102.2,125.7,85.8,82.8,89.2,136.1,138,153.2,393.3
2026M02,68,71.1,68.4,64.6,118.4,91.2,3.61,11.24,11.32,105,3.59,7.08,3.96,2.7,3.76,2.01,2.34,2259,1238,1840,1800,1039,2295,459,1282,391,1275,1445,...,209.6,...,409,404,385.1,349.1,232.4,257.6,1.14,1.21,0.94,8.12,1.79,6.52,…,0.39,0.7,0.31,6783,413.9,191.9,651.1,740.6,352,1.63,1.93,2.26,152.5,626.5,536.3,472,372.5,3065,98.8,12951,1917,48694,17173,3324,5020,2137,81.9,101.3,92.4,119.3,109.9,139.8,113.5,111.2,104.3,124.8,86,83.3,89.1,145,135.7,151.5,400.2
2026M03,95.6,103.7,91.9,91.2,138.6,93.8,3.06,17.91,11.42,130,3.24,7.37,3.9,2.69,3.68,2.08,2.32,2349,1250,1837,1682,1109,2574,473,1493,404,1304,1465,...,212.7,...,381,379,365.3,345.8,247.4,276,1.11,1.21,0.97,8.21,1.66,6.54,…,0.38,0.74,0.33,6770,404.5,187.6,639.1,726.9,344.1,1.7,1.95,2.39,152.5,658.3,558.1,725.6,380.6,3373,104.5,12529,1878,47324,17076,3182,4856,2046,77.9,127.9,130.6,122.3,111.5,137.7,116.7,117.8,105.3,125.6,85.7,81.7,90.1,183,137.6,152.9,385.7
2026M04,103.9,120.4,92.7,98.6,130.9,94.8,2.77,15.41,15.65,117.4,3.4,7.3,3.63,2.83,3.8,2.37,2.32,2332,1250,1946,1906,1146,2606,463,1643,416,1345,1485,...,214,...,403,399,385.2,352.9,246.5,282,1.12,1.15,0.95,8.21,1.75,7.11,…,0.38,0.77,0.32,6800,409.2,187,644,732.5,343,1.9,2.06,2.51,152.5,725.3,658.1,856.9,401.3,3600,106.1,12951,1930,48806,17962,3364,4721,2028,75.9,140,146.7,126.3,113.3,138.3,118.5,121.6,107.6,124.4,87.8,82.1,93.9,208.7,143.6,160,375.3
2026M05,100.4,107.5,94.7,99.1,136.9,95.6,2.93,16.17,12.88,121.2,4.16,6.95,3.67,3,3.68,3.12,2.18,2172,1250,2045,1831,1136,2416,473,1781,422,1488,1503,...,216.2,...,440,435,420.2,376.3,259.5,303,1.14,1.12,0.92,7.95,1.86,7.28,…,0.38,0.79,0.34,…,408.8,188.3,646.4,735.3,345.3,2.03,2.21,2.69,152.5,769.5,713.5,770.5,405,3666,108.6,13543,1991,53563,18806,3482,4587,1998,78,132.3,133.7,129.4,116,145.6,120.7,123.4,112.7,124.3,89.6,82.5,97.3,199.7,148.8,166.1,368.7
2026M06,81.7,85.4,77.7,81.9,138.5,96.3,3.15,15.17,12.83,119,4.4,6.79,3.73,2.97,3.5,3.14,2.27,1979,1250,2145,1815,1105,2163,468,1765,425,1498,1510,...,197.1,...,494,479,469.4,391.3,237.5,286,1.11,1.18,0.82,7.46,1.77,7.47,…,0.38,0.78,0.32,…,403.2,185.3,639,726.8,339.8,1.9,2.25,2.86,156.9,783.8,735.6,453.1,402.5,3439,100.8,13552,1946,53037,17588,3539,4228,1726,66.7,115,110,125.2,114,147.2,117.6,121.6,109.9,119.2,88.5,81.5,96.3,156.1,144.6,162.2,334.7
